id,data,hora,temperatura,status,umidade
A22,2021-10-08,16:24, 28,0, 89
A22,2021-10-08,16:25, 28,0, 89
A22,2021-10-08,16:26, 28,0, 89
A22,2021-10-08,16:27, 28,0, 88
A22,2021-10-08,16:28, 28,0, 88
A22,2021-10-08,16:29, 29,1, 87
A22,2021-10-08,16:30, 29,0, 87
A22,2021-10-08,16:31, 29,0, 87
A22,2021-10-08,16:32, 27,1, 87
A22,2021-10-08,16:33, 28,1, 87
A22,2021-10-08,16:34, 28,0, 87
A22,2021-10-08,16:35, 29,1, 87
A22,2021-10-08,16:36, 29,0, 87
A22,2021-10-08,16:37, 29,0, 87
A22,2021-10-08,16:38, 29,0, 86
A22,2021-10-08,16:39, 29,0, 86
A22,2021-10-08,16:40, 29,0, 86
A22,2021-10-08,16:41, 29,0, 86
A22,2021-10-08,16:42, 29,0, 87
A22,2021-10-08,16:43, 29,0, 87
A22,2021-10-08,16:44, 29,0, 88
A22,2021-10-08,16:45, 29,0, 88
A22,2021-10-08,16:46, 29,0, 89
A22,2021-10-08,16:47, 29,0, 90
A22,2021-10-08,16:48, 29,0, 90
A22,2021-10-08,16:49, 28,1, 91
A22,2021-10-08,16:50, 28,0, 90
A22,2021-10-08,16:51, 28,0, 90
A22,2021-10-08,16:52, 28,0, 90
A22,2021-10-08,16:53, 28,0, 90
A22,2021-10-08,16:54, 28,0, 90
A22,2021-10-08,16:55, 28,0, 91
A22,2021-10-08,16:56, 28,0, 90
A22,2021-10-08,16:57, 28,0, 90
A22,2021-10-08,16:58, 28,0, 90
A22,2021-10-08,16:59, 28,0, 90
A22,2021-10-08,17:00, 28,0, 90
A22,2021-10-08,17:01, 28,0, 90
A22,2021-10-08,17:02, 28,0, 90
A22,2021-10-08,17:03, 28,0, 91
A22,2021-10-08,17:04, 28,0, 91
A22,2021-10-08,17:05, 28,0, 91
A22,2021-10-08,17:06, 28,0, 91
A22,2021-10-08,17:07, 28,0, 91
A22,2021-10-08,17:08, 28,0, 91
A22,2021-10-08,17:09, 28,0, 91
A22,2021-10-08,17:10, 28,0, 91
A22,2021-10-08,17:11, 28,0, 91
A22,2021-10-08,17:12, 28,0, 91
A22,2021-10-08,17:13, 28,0, 91
A22,2021-10-08,17:14, 28,0, 91
A22,2021-10-08,17:15, 28,0, 91
A22,2021-10-08,17:16, 28,0, 91
A22,2021-10-08,17:17, 28,0, 91
A22,2021-10-08,17:18, 28,0, 91
A22,2021-10-08,17:19, 28,0, 91
A22,2021-10-08,17:20, 28,0, 91
A22,2021-10-08,17:21, 28,0, 91
A22,2021-10-08,17:22, 28,0, 92
A22,2021-10-08,17:23, 28,0, 92
A22,2021-10-08,17:24, 28,0, 92
A22,2021-10-08,17:25, 28,0, 92
A22,2021-10-08,17:26, 28,0, 92
A22,2021-10-08,17:27, 28,0, 91
A22,2021-10-08,17:28, 28,0, 91
A22,2021-10-08,17:29, 28,0, 91
A22,2021-10-08,17:30, 28,0, 91
A22,2021-10-08,17:31, 28,0, 91
A22,2021-10-08,17:32, 28,0, 91
A22,2021-10-08,17:33, 28,0, 92
A22,2021-10-08,17:34, 28,0, 92
A22,2021-10-08,17:35, 28,0, 92
A22,2021-10-08,17:36, 28,0, 92
A22,2021-10-08,17:37, 28,0, 92
A22,2021-10-08,17:38, 28,0, 92
A22,2021-10-08,17:39, 28,0, 91
A22,2021-10-08,17:40, 28,0, 91
A22,2021-10-08,17:41, 28,0, 91
A22,2021-10-08,17:42, 28,0, 91
A22,2021-10-08,17:43, 28,0, 91
A22,2021-10-08,17:44, 28,0, 91
A22,2021-10-08,17:45, 28,0, 91
A22,2021-10-08,17:46, 28,0, 91
A22,2021-10-08,17:47, 28,0, 92
A22,2021-10-08,17:48, 28,0, 91
A22,2021-10-08,17:49, 28,0, 91
A22,2021-10-08,17:50, 28,0, 91
A22,2021-10-08,17:51, 28,0, 91
A22,2021-10-08,17:52, 28,0, 91
A22,2021-10-08,17:53, 28,0, 91
A22,2021-10-08,17:54, 28,0, 91
A22,2021-10-08,17:55, 28,0, 91
A22,2021-10-08,17:56, 28,0, 91
A22,2021-10-08,17:57, 28,0, 91
A22,2021-10-08,17:58, 28,0, 91
A22,2021-10-08,17:59, 28,0, 91
A22,2021-10-08,18:00, 28,0, 91
A22,2021-10-08,18:01, 28,0, 91
A22,2021-10-08,18:02, 28,0, 91
A22,2021-10-08,18:03, 28,0, 91
A22,2021-10-08,18:04, 28,0, 91
A22,2021-10-08,18:05, 28,0, 91
A22,2021-10-08,18:06, 28,0, 91
A22,2021-10-08,18:07, 28,0, 91
A22,2021-10-08,18:08, 28,0, 91
A22,2021-10-08,18:09, 28,0, 91
A22,2021-10-08,18:10, 28,0, 91
A22,2021-10-08,18:11, 28,0, 91
A22,2021-10-08,18:12, 28,0, 91
A22,2021-10-08,18:13, 28,0, 91
A22,2021-10-08,18:14, 28,0, 91
A22,2021-10-08,18:15, 28,0, 91
A22,2021-10-08,18:16, 28,0, 91
A22,2021-10-08,18:17, 28,0, 91
A22,2021-10-08,18:18, 28,0, 91
A22,2021-10-08,18:19, 28,0, 91
A22,2021-10-08,18:20, 28,0, 91
A22,2021-10-08,18:21, 28,0, 91
A22,2021-10-08,18:22, 28,0, 91
A22,2021-10-08,18:23, 28,0, 91
A22,2021-10-08,18:24, 28,0, 91
A22,2021-10-08,18:25, 28,0, 92
A22,2021-10-08,18:26, 28,0, 91
A22,2021-10-08,18:27, 28,0, 91
A22,2021-10-08,18:28, 28,0, 91
A22,2021-10-08,18:29, 28,0, 91
A22,2021-10-08,18:30, 28,0, 91
A22,2021-10-08,18:31, 28,0, 91
A22,2021-10-08,18:32, 28,0, 91
A22,2021-10-08,18:33, 28,0, 91
A22,2021-10-08,18:34, 28,0, 91
A22,2021-10-08,18:35, 28,0, 91
A22,2021-10-08,18:36, 28,0, 91
A22,2021-10-08,18:37, 28,0, 91
A22,2021-10-08,18:38, 28,0, 91
A22,2021-10-08,18:39, 28,0, 91
A22,2021-10-08,18:40, 28,0, 91
A22,2021-10-08,18:41, 28,0, 91
A22,2021-10-08,18:42, 28,0, 91
A22,2021-10-08,18:43, 28,0, 91
A22,2021-10-08,18:44, 28,0, 91
A22,2021-10-08,18:45, 28,0, 91
A22,2021-10-08,18:46, 28,0, 91
A22,2021-10-08,18:47, 28,0, 91
A22,2021-10-08,18:48, 28,0, 91
A22,2021-10-08,18:49, 28,0, 91
A22,2021-10-08,18:50, 28,0, 91
A22,2021-10-08,18:51, 28,0, 91
A22,2021-10-08,18:52, 28,0, 91
A22,2021-10-08,18:53, 28,0, 91
A22,2021-10-08,18:54, 28,0, 91
A22,2021-10-08,18:55, 28,0, 91
A22,2021-10-08,18:56, 28,0, 91
A22,2021-10-08,18:57, 28,0, 91
A22,2021-10-08,18:58, 28,0, 91
A22,2021-10-08,18:59, 28,0, 91
A22,2021-10-08,19:00, 28,0, 91
A22,2021-10-08,19:01, 28,0, 91
A22,2021-10-08,19:02, 28,0, 91
A22,2021-10-08,19:03, 28,0, 91
A22,2021-10-08,19:04, 28,0, 91
A22,2021-10-08,19:05, 28,0, 91
A22,2021-10-08,19:06, 28,0, 91
A22,2021-10-08,19:07, 28,0, 91
A22,2021-10-08,19:08, 28,0, 91
A22,2021-10-08,19:09, 28,0, 91
A22,2021-10-08,19:10, 28,0, 91
A22,2021-10-08,19:11, 28,0, 91
A22,2021-10-08,19:12, 28,0, 91
A22,2021-10-08,19:13, 28,0, 91
A22,2021-10-08,19:14, 28,0, 91
A22,2021-10-08,19:15, 28,0, 91
A22,2021-10-08,19:16, 28,0, 91
A22,2021-10-08,19:17, 28,0, 91
A22,2021-10-08,19:18, 28,0, 91
A22,2021-10-08,19:19, 28,0, 91
A22,2021-10-08,19:20, 28,0, 91
A22,2021-10-08,19:21, 28,0, 91
A22,2021-10-08,19:22, 28,0, 91
A22,2021-10-08,19:23, 28,0, 91
A22,2021-10-08,19:24, 28,0, 91
A22,2021-10-08,19:25, 28,0, 91
A22,2021-10-08,19:26, 28,0, 91
A22,2021-10-08,19:27, 28,0, 91
A22,2021-10-08,19:28, 28,0, 91
A22,2021-10-08,19:29, 28,0, 91
A22,2021-10-08,19:30, 28,0, 91
A22,2021-10-08,19:31, 28,0, 91
A22,2021-10-08,19:32, 28,0, 91
A22,2021-10-08,19:33, 28,0, 91
A22,2021-10-08,19:34, 28,0, 91
A22,2021-10-08,19:35, 28,0, 91
A22,2021-10-08,19:36, 28,0, 91
A22,2021-10-08,19:37, 28,0, 92
A22,2021-10-08,19:38, 28,0, 91
A22,2021-10-08,19:39, 28,0, 91
A22,2021-10-08,19:40, 28,0, 91
A22,2021-10-08,19:41, 28,0, 91
A22,2021-10-08,19:42, 28,1, 91
A22,2021-10-08,19:43, 28,0, 92
A22,2021-10-08,19:44, 27,1, 93
A22,2021-10-08,19:45, 27,0, 94
A22,2021-10-08,19:46, 27,0, 95
A22,2021-10-08,19:47, 27,0, 95
A22,2021-10-08,19:48, 27,0, 96
A22,2021-10-08,19:49, 27,0, 96
A22,2021-10-08,19:50, 27,0, 96
A22,2021-10-08,19:51, 27,0, 96
A22,2021-10-08,19:52, 27,0, 96
A22,2021-10-08,19:53, 27,0, 96
A22,2021-10-08,19:54, 27,0, 96
A22,2021-10-08,19:55, 27,0, 97
A22,2021-10-08,19:56, 27,0, 97
A22,2021-10-08,19:57, 27,0, 97
A22,2021-10-08,19:58, 27,0, 97
A22,2021-10-08,19:59, 27,0, 98
A22,2021-10-08,20:00, 27,0, 98
A22,2021-10-08,20:01, 27,0, 98
A22,2021-10-08,20:02, 27,0, 98
A22,2021-10-08,20:03, 27,0, 98
A22,2021-10-08,20:04, 27,0, 98
A22,2021-10-08,20:05, 27,0, 98
A22,2021-10-08,20:06, 27,0, 98
A22,2021-10-08,20:07, 27,0, 98
A22,2021-10-08,20:08, 27,0, 98
A22,2021-10-08,20:09, 27,0, 98
A22,2021-10-08,20:10, 27,0, 98
A22,2021-10-08,20:11, 27,0, 98
A22,2021-10-08,20:12, 27,0, 82
A22,2021-10-08,20:13, 27,0, 77
A22,2021-10-08,20:14, 27,0, 88
A22,2021-10-08,20:15, 27,0, 93
A22,2021-10-08,20:16, 27,0, 94
A22,2021-10-08,20:17, 27,0, 95
A22,2021-10-08,20:18, 27,0, 95
A22,2021-10-08,20:19, 27,0, 96
A22,2021-10-08,20:20, 27,0, 96
A22,2021-10-08,20:21, 27,0, 96
A22,2021-10-08,20:22, 27,0, 96
A22,2021-10-08,20:23, 27,0, 96
A22,2021-10-08,20:24, 27,0, 96
A22,2021-10-08,20:25, 27,0, 97
A22,2021-10-08,20:26, 27,0, 97
A22,2021-10-08,20:27, 27,0, 97
A22,2021-10-08,20:28, 27,0, 97
A22,2021-10-08,20:29, 27,0, 97
A22,2021-10-08,20:30, 27,0, 97
A22,2021-10-08,20:31, 27,0, 97
A22,2021-10-08,20:32, 27,0, 98
A22,2021-10-08,20:33, 27,0, 97
A22,2021-10-08,20:34, 27,0, 98
A22,2021-10-08,20:35, 27,0, 98
A22,2021-10-08,20:36, 27,0, 98
A22,2021-10-08,20:37, 27,0, 98
A22,2021-10-08,20:38, 27,0, 98
A22,2021-10-08,20:39, 27,0, 98
A22,2021-10-08,20:40, 27,0, 98
A22,2021-10-08,20:41, 27,0, 98
A22,2021-10-08,20:42, 27,0, 99
A22,2021-10-08,20:43, 27,0, 98
A22,2021-10-08,20:44, 27,0, 98
A22,2021-10-08,20:45, 27,0, 98
A22,2021-10-08,20:46, 27,0, 98
A22,2021-10-08,20:47, 27,0, 98
A22,2021-10-08,20:48, 27,0, 98
A22,2021-10-08,20:49, 27,0, 98
A22,2021-10-08,20:50, 27,0, 98
A22,2021-10-08,20:51, 27,0, 98
A22,2021-10-08,20:52, 27,0, 98
A22,2021-10-08,20:53, 27,0, 99
A22,2021-10-08,20:54, 27,0, 99
A22,2021-10-08,20:55, 27,0, 99
A22,2021-10-08,20:56, 27,0, 99
A22,2021-10-08,20:57, 27,0, 99
A22,2021-10-08,20:58, 27,0, 99
A22,2021-10-08,20:59, 27,0, 99
A22,2021-10-08,21:00, 27,0, 99
A22,2021-10-08,21:01, 27,0, 98
A22,2021-10-08,21:02, 27,0, 99
A22,2021-10-08,21:03, 27,0, 99
A22,2021-10-08,21:04, 27,0, 99
A22,2021-10-08,21:05, 27,0, 99
A22,2021-10-08,21:06, 27,0, 99
A22,2021-10-08,21:07, 27,0, 99
A22,2021-10-08,21:08, 27,0, 99
A22,2021-10-08,21:09, 27,0, 99
A22,2021-10-08,21:10, 27,0, 99
A22,2021-10-08,21:11, 27,0, 99
A22,2021-10-08,21:12, 27,0, 99
A22,2021-10-08,21:13, 27,0, 99
A22,2021-10-08,21:14, 27,0, 99
A22,2021-10-08,21:15, 27,0, 99
A22,2021-10-08,21:16, 27,0, 99
A22,2021-10-08,21:17, 27,0, 99
A22,2021-10-08,21:18, 27,0, 99
A22,2021-10-08,21:19, 27,0, 99
A22,2021-10-08,21:20, 27,0, 99
A22,2021-10-08,21:21, 27,0, 99
A22,2021-10-08,21:22, 27,0, 99
A22,2021-10-08,21:23, 27,0, 99
A22,2021-10-08,21:24, 27,0, 99
A22,2021-10-08,21:25, 27,0, 99
A22,2021-10-08,21:26, 27,0, 99
A22,2021-10-08,21:27, 27,0, 99
A22,2021-10-08,21:28, 27,0, 99
A22,2021-10-08,21:29, 27,0, 99
A22,2021-10-08,21:30, 27,0, 99
A22,2021-10-08,21:31, 27,0, 99
A22,2021-10-08,21:32, 27,0, 99
A22,2021-10-08,21:33, 27,0, 99
A22,2021-10-08,21:34, 27,0, 99
A22,2021-10-08,21:35, 27,0, 99
A22,2021-10-08,21:36, 27,0, 99
A22,2021-10-08,21:37, 27,0, 99
A22,2021-10-08,21:38, 27,0, 99
A22,2021-10-08,21:39, 27,0, 99
A22,2021-10-08,21:40, 27,0, 99
A22,2021-10-08,21:41, 27,0, 99
A22,2021-10-08,21:42, 27,0, 99
A22,2021-10-08,21:43, 27,0, 99
A22,2021-10-08,21:44, 27,0, 99
A22,2021-10-08,21:45, 27,0, 99
A22,2021-10-08,21:46, 27,0, 99
A22,2021-10-08,21:47, 27,0, 99
A22,2021-10-08,21:48, 27,0, 99
A22,2021-10-08,21:49, 27,0, 99
A22,2021-10-08,21:50, 27,0, 99
A22,2021-10-08,21:51, 27,0, 99
A22,2021-10-08,21:52, 27,0, 99
A22,2021-10-08,21:53, 27,0, 99
A22,2021-10-08,21:54, 27,0, 99
A22,2021-10-08,21:55, 27,0, 99
A22,2021-10-08,21:56, 27,0, 99
A22,2021-10-08,21:57, 27,0, 99
A22,2021-10-08,21:58, 27,0, 99
A22,2021-10-08,21:59, 27,0, 99
A22,2021-10-08,22:00, 27,0, 99
A22,2021-10-08,22:01, 27,0, 99
A22,2021-10-08,22:02, 27,0, 99
A22,2021-10-08,22:03, 27,0, 99
A22,2021-10-08,22:04, 27,0, 99
A22,2021-10-08,22:05, 27,0, 99
A22,2021-10-08,22:06, 27,0, 99
A22,2021-10-08,22:07, 26,1, 99
A22,2021-10-08,22:08, 27,1, 99
A22,2021-10-08,22:09, 27,0, 99
A22,2021-10-08,22:10, 27,0, 99
A22,2021-10-08,22:11, 27,0, 99
A22,2021-10-08,22:12, 27,0, 99
A22,2021-10-08,22:13, 27,0, 99
A22,2021-10-08,22:14, 27,0, 99
A22,2021-10-08,22:15, 27,0, 99
A22,2021-10-08,22:16, 27,0, 99
A22,2021-10-08,22:17, 27,0, 99
A22,2021-10-08,22:18, 27,0, 99
A22,2021-10-08,22:19, 27,0, 99
A22,2021-10-08,22:20, 27,0, 99
A22,2021-10-08,22:21, 26,1, 99
A22,2021-10-08,22:22, 27,1, 99
A22,2021-10-08,22:23, 27,0, 99
A22,2021-10-08,22:24, 27,0, 99
A22,2021-10-08,22:25, 27,0, 99
A22,2021-10-08,22:26, 27,0, 99
A22,2021-10-08,22:27, 26,1, 99
A22,2021-10-08,22:28, 27,1, 99
A22,2021-10-08,22:29, 27,0, 99
A22,2021-10-08,22:30, 27,0, 99
A22,2021-10-08,22:31, 26,1, 99
A22,2021-10-08,22:32, 27,1, 99
A22,2021-10-08,22:33, 26,1, 99
A22,2021-10-08,22:34, 26,0, 99
A22,2021-10-08,22:35, 27,1, 99
A22,2021-10-08,22:36, 26,1, 99
A22,2021-10-08,22:37, 26,0, 99
A22,2021-10-08,22:38, 26,0, 99
A22,2021-10-08,22:39, 26,0, 99
A22,2021-10-08,22:40, 26,0, 99
A22,2021-10-08,22:41, 26,0, 99
A22,2021-10-08,22:42, 26,0, 99
A22,2021-10-08,22:43, 26,0, 99
A22,2021-10-08,22:44, 26,0, 99
A22,2021-10-08,22:45, 26,0, 99
A22,2021-10-08,22:46, 26,0, 99
A22,2021-10-08,22:47, 26,0, 99
A22,2021-10-08,22:48, 26,0, 99
A22,2021-10-08,22:49, 26,0, 99
A22,2021-10-08,22:50, 26,0, 99
A22,2021-10-08,22:51, 26,0, 99
A22,2021-10-08,22:52, 26,0, 99
A22,2021-10-08,22:53, 26,0, 99
A22,2021-10-08,22:54, 26,0, 99
A22,2021-10-08,22:55, 26,0, 99
A22,2021-10-08,22:56, 26,0, 99
A22,2021-10-08,22:57, 26,0, 99
A22,2021-10-08,22:58, 26,0, 99
A22,2021-10-08,22:59, 26,0, 99
A22,2021-10-08,23:00, 26,0, 99
A22,2021-10-08,23:01, 26,0, 99
A22,2021-10-08,23:02, 26,0, 99
A22,2021-10-08,23:03, 26,0, 99
A22,2021-10-08,23:04, 26,0, 99
A22,2021-10-08,23:05, 26,0, 99
A22,2021-10-08,23:06, 26,0, 99
A22,2021-10-08,23:07, 26,0, 99
A22,2021-10-08,23:08, 26,0, 99
A22,2021-10-08,23:09, 26,0, 99
A22,2021-10-08,23:10, 26,0, 99
A22,2021-10-08,23:11, 26,0, 99
A22,2021-10-08,23:12, 26,0, 99
A22,2021-10-08,23:13, 26,0, 99
A22,2021-10-08,23:14, 26,0, 99
A22,2021-10-08,23:15, 26,0, 99
A22,2021-10-08,23:16, 26,0, 99
A22,2021-10-08,23:17, 26,0, 99
A22,2021-10-08,23:18, 26,0, 99
A22,2021-10-08,23:19, 26,0, 99
A22,2021-10-08,23:20, 26,0, 99
A22,2021-10-08,23:21, 26,0, 99
A22,2021-10-08,23:22, 26,0, 99
A22,2021-10-08,23:23, 26,0, 99
A22,2021-10-08,23:24, 26,0, 99
A22,2021-10-08,23:25, 26,0, 99
A22,2021-10-08,23:26, 26,0, 99
A22,2021-10-08,23:27, 26,0, 99
A22,2021-10-08,23:28, 26,0, 99
A22,2021-10-08,23:29, 26,0, 99
A22,2021-10-08,23:30, 26,0, 99
A22,2021-10-08,23:31, 26,0, 99
A22,2021-10-08,23:32, 26,0, 99
A22,2021-10-08,23:33, 26,0, 99
A22,2021-10-08,23:34, 26,0, 99
A22,2021-10-08,23:35, 26,0, 99
A22,2021-10-08,23:36, 26,0, 99
A22,2021-10-08,23:37, 26,0, 99
A22,2021-10-08,23:38, 26,0, 99
A22,2021-10-08,23:39, 26,0, 99
A22,2021-10-08,23:40, 26,0, 99
A22,2021-10-08,23:41, 26,0, 99
A22,2021-10-08,23:42, 26,0, 99
A22,2021-10-08,23:43, 26,0, 99
A22,2021-10-08,23:44, 26,0, 99
A22,2021-10-08,23:45, 26,0, 99
A22,2021-10-08,23:46, 26,0, 99
A22,2021-10-08,23:47, 26,0, 99
A22,2021-10-08,23:48, 26,0, 99
A22,2021-10-08,23:49, 26,0, 99
A22,2021-10-08,23:50, 26,0, 99
A22,2021-10-08,23:51, 26,0, 99
A22,2021-10-08,23:52, 26,0, 99
A22,2021-10-08,23:53, 26,0, 99
A22,2021-10-08,23:54, 26,0, 99
A22,2021-10-08,23:55, 26,0, 99
A22,2021-10-08,23:56, 26,0, 99
A22,2021-10-08,23:57, 26,0, 99
A22,2021-10-08,23:58, 26,0, 99
A22,2021-10-08,23:59, 26,0, 99
A22,2021-10-09,00:00, 26,0, 99
A22,2021-10-09,00:01, 26,0, 99
A22,2021-10-09,00:02, 26,0, 99
A22,2021-10-09,00:03, 26,0, 99
A22,2021-10-09,00:04, 26,0, 99
A22,2021-10-09,00:05, 26,0, 99
A22,2021-10-09,00:06, 26,0, 99
A22,2021-10-09,00:07, 26,0, 99
A22,2021-10-09,00:08, 26,0, 99
A22,2021-10-09,00:09, 26,0, 99
A22,2021-10-09,00:10, 26,0, 99
A22,2021-10-09,00:11, 26,0, 99
A22,2021-10-09,00:12, 26,0, 99
A22,2021-10-09,00:13, 26,0, 99
A22,2021-10-09,00:14, 26,0, 99
A22,2021-10-09,00:15, 26,0, 99
A22,2021-10-09,00:16, 26,0, 99
A22,2021-10-09,00:17, 26,0, 99
A22,2021-10-09,00:18, 26,0, 99
A22,2021-10-09,00:19, 26,0, 99
A22,2021-10-09,00:20, 26,0, 99
A22,2021-10-09,00:21, 26,0, 99
A22,2021-10-09,00:22, 26,0, 99
A22,2021-10-09,00:23, 26,0, 99
A22,2021-10-09,00:24, 26,0, 99
A22,2021-10-09,00:25, 26,0, 99
A22,2021-10-09,00:26, 26,0, 99
A22,2021-10-09,00:27, 26,0, 99
A22,2021-10-09,00:28, 26,0, 99
A22,2021-10-09,00:29, 26,0, 99
A22,2021-10-09,00:30, 26,0, 99
A22,2021-10-09,00:31, 26,0, 99
A22,2021-10-09,00:32, 26,0, 99
A22,2021-10-09,00:33, 26,0, 99
A22,2021-10-09,00:34, 26,0, 99
A22,2021-10-09,00:35, 26,0, 99
A22,2021-10-09,00:36, 26,0, 99
A22,2021-10-09,00:37, 26,0, 99
A22,2021-10-09,00:38, 26,0, 99
A22,2021-10-09,00:39, 26,0, 99
A22,2021-10-09,00:40, 26,0, 99
A22,2021-10-09,00:41, 26,0, 99
A22,2021-10-09,00:42, 26,0, 99
A22,2021-10-09,00:43, 26,0, 99
A22,2021-10-09,00:44, 26,0, 99
A22,2021-10-09,00:45, 26,0, 99
A22,2021-10-09,00:46, 26,0, 99
A22,2021-10-09,00:47, 26,0, 99
A22,2021-10-09,00:48, 26,0, 99
A22,2021-10-09,00:49, 26,0, 99
A22,2021-10-09,00:50, 26,0, 99
A22,2021-10-09,00:51, 26,0, 99
A22,2021-10-09,00:52, 26,0, 99
A22,2021-10-09,00:53, 26,0, 99
A22,2021-10-09,00:54, 26,0, 99
A22,2021-10-09,00:55, 26,0, 99
A22,2021-10-09,00:56, 26,0, 99
A22,2021-10-09,00:57, 26,0, 99
A22,2021-10-09,00:58, 26,0, 99
A22,2021-10-09,00:59, 26,0, 99
A22,2021-10-09,01:01, 26,0, 99
A22,2021-10-09,01:02, 26,0, 99
A22,2021-10-09,01:03, 26,0, 99
A22,2021-10-09,01:04, 26,0, 99
A22,2021-10-09,01:05, 26,0, 99
A22,2021-10-09,01:06, 26,0, 99
A22,2021-10-09,01:07, 26,0, 99
A22,2021-10-09,01:08, 26,0, 99
A22,2021-10-09,01:09, 26,0, 99
A22,2021-10-09,01:10, 26,0, 99
A22,2021-10-09,01:11, 26,0, 99
A22,2021-10-09,01:12, 26,0, 99
A22,2021-10-09,01:13, 26,0, 99
A22,2021-10-09,01:14, 26,0, 99
A22,2021-10-09,01:15, 26,0, 99
A22,2021-10-09,01:16, 26,0, 99
A22,2021-10-09,01:17, 26,0, 99
A22,2021-10-09,01:18, 26,0, 99
A22,2021-10-09,01:19, 26,0, 99
A22,2021-10-09,01:20, 26,0, 99
A22,2021-10-09,01:21, 26,0, 99
A22,2021-10-09,01:22, 26,0, 99
A22,2021-10-09,01:23, 26,0, 99
A22,2021-10-09,01:24, 26,0, 99
A22,2021-10-09,01:25, 26,0, 99
A22,2021-10-09,01:26, 26,0, 99
A22,2021-10-09,01:27, 26,0, 99
A22,2021-10-09,01:28, 26,0, 99
A22,2021-10-09,01:29, 26,0, 99
A22,2021-10-09,01:30, 26,0, 99
A22,2021-10-09,01:31, 26,0, 99
A22,2021-10-09,01:32, 26,0, 99
A22,2021-10-09,01:33, 26,0, 99
A22,2021-10-09,01:34, 26,0, 99
A22,2021-10-09,01:35, 26,0, 99
A22,2021-10-09,01:36, 26,0, 99
A22,2021-10-09,01:37, 26,0, 99
A22,2021-10-09,01:38, 26,0, 99
A22,2021-10-09,01:39, 26,0, 99
A22,2021-10-09,01:40, 26,0, 99
A22,2021-10-09,01:41, 26,0, 99
A22,2021-10-09,01:42, 26,0, 99
A22,2021-10-09,01:43, 26,0, 99
A22,2021-10-09,01:44, 26,0, 99
A22,2021-10-09,01:45, 26,0, 99
A22,2021-10-09,01:46, 26,0, 99
A22,2021-10-09,01:47, 26,0, 99
A22,2021-10-09,01:48, 26,0, 99
A22,2021-10-09,01:49, 26,0, 99
A22,2021-10-09,01:50, 26,0, 99
A22,2021-10-09,01:51, 26,0, 99
A22,2021-10-09,01:52, 26,0, 99
A22,2021-10-09,01:53, 26,0, 99
A22,2021-10-09,01:54, 26,0, 99
A22,2021-10-09,01:55, 26,0, 99
A22,2021-10-09,01:56, 26,0, 99
A22,2021-10-09,01:57, 26,0, 98
A22,2021-10-09,01:58, 26,0, 98
A22,2021-10-09,01:59, 26,0, 98
A22,2021-10-09,02:00, 26,0, 98
A22,2021-10-09,02:01, 26,0, 98
A22,2021-10-09,02:02, 26,0, 98
A22,2021-10-09,02:03, 26,0, 98
A22,2021-10-09,02:04, 26,0, 99
A22,2021-10-09,02:05, 26,0, 99
A22,2021-10-09,02:06, 26,0, 99
A22,2021-10-09,02:07, 26,0, 99
A22,2021-10-09,02:08, 26,0, 99
A22,2021-10-09,02:09, 26,0, 99
A22,2021-10-09,02:10, 26,0, 99
A22,2021-10-09,02:11, 26,0, 99
A22,2021-10-09,02:12, 26,0, 99
A22,2021-10-09,02:13, 26,0, 99
A22,2021-10-09,02:14, 26,0, 99
A22,2021-10-09,02:15, 26,0, 99
A22,2021-10-09,02:16, 26,0, 99
A22,2021-10-09,02:17, 26,0, 99
A22,2021-10-09,02:18, 26,0, 99
A22,2021-10-09,02:19, 26,0, 99
A22,2021-10-09,02:20, 26,0, 99
A22,2021-10-09,02:21, 26,0, 99
A22,2021-10-09,02:22, 26,0, 99
A22,2021-10-09,02:23, 26,0, 99
A22,2021-10-09,02:24, 26,0, 99
A22,2021-10-09,02:25, 26,0, 99
A22,2021-10-09,02:26, 26,0, 99
A22,2021-10-09,02:27, 26,0, 99
A22,2021-10-09,02:28, 26,0, 99
A22,2021-10-09,02:29, 26,0, 99
A22,2021-10-09,02:30, 26,0, 99
A22,2021-10-09,02:31, 26,0, 99
A22,2021-10-09,02:32, 26,0, 99
A22,2021-10-09,02:33, 26,0, 99
A22,2021-10-09,02:34, 26,0, 99
A22,2021-10-09,02:35, 26,0, 99
A22,2021-10-09,02:36, 26,0, 99
A22,2021-10-09,02:37, 26,0, 99
A22,2021-10-09,02:38, 26,0, 99
A22,2021-10-09,02:39, 26,0, 99
A22,2021-10-09,02:40, 26,0, 99
A22,2021-10-09,02:41, 26,0, 99
A22,2021-10-09,02:42, 26,0, 99
A22,2021-10-09,02:43, 26,0, 99
A22,2021-10-09,02:44, 26,0, 99
A22,2021-10-09,02:45, 26,0, 99
A22,2021-10-09,02:46, 26,0, 99
A22,2021-10-09,02:47, 26,0, 99
A22,2021-10-09,02:48, 26,0, 99
A22,2021-10-09,02:49, 26,0, 99
A22,2021-10-09,02:50, 26,0, 99
A22,2021-10-09,02:51, 26,0, 99
A22,2021-10-09,02:52, 26,0, 99
A22,2021-10-09,02:53, 26,0, 99
A22,2021-10-09,02:54, 26,0, 99
A22,2021-10-09,02:55, 26,0, 99
A22,2021-10-09,02:56, 26,0, 99
A22,2021-10-09,02:57, 26,0, 99
A22,2021-10-09,02:58, 26,0, 99
A22,2021-10-09,02:59, 26,0, 99
A22,2021-10-09,03:00, 26,0, 99
A22,2021-10-09,03:01, 26,0, 99
A22,2021-10-09,03:02, 26,0, 99
A22,2021-10-09,03:03, 26,0, 99
A22,2021-10-09,03:04, 26,0, 99
A22,2021-10-09,03:05, 26,0, 99
A22,2021-10-09,03:06, 26,0, 99
A22,2021-10-09,03:07, 26,0, 98
A22,2021-10-09,03:08, 26,0, 98
A22,2021-10-09,03:09, 26,0, 98
A22,2021-10-09,03:10, 26,0, 98
A22,2021-10-09,03:11, 26,0, 98
A22,2021-10-09,03:12, 26,0, 97
A22,2021-10-09,03:13, 26,0, 97
A22,2021-10-09,03:14, 26,0, 97
A22,2021-10-09,03:15, 26,0, 97
A22,2021-10-09,03:16, 26,0, 97
A22,2021-10-09,03:17, 26,0, 97
A22,2021-10-09,03:18, 26,0, 97
A22,2021-10-09,03:19, 26,0, 97
A22,2021-10-09,03:20, 26,0, 97
A22,2021-10-09,03:21, 26,0, 97
A22,2021-10-09,03:22, 26,0, 97
A22,2021-10-09,03:23, 26,0, 97
A22,2021-10-09,03:24, 26,0, 97
A22,2021-10-09,03:25, 26,0, 97
A22,2021-10-09,03:26, 26,0, 97
A22,2021-10-09,03:27, 26,0, 97
A22,2021-10-09,03:28, 26,0, 97
A22,2021-10-09,03:29, 26,0, 97
A22,2021-10-09,03:30, 26,0, 97
A22,2021-10-09,03:31, 26,0, 97
A22,2021-10-09,03:32, 26,0, 98
A22,2021-10-09,03:33, 26,0, 98
A22,2021-10-09,03:34, 26,0, 98
A22,2021-10-09,03:35, 26,0, 98
A22,2021-10-09,03:36, 26,0, 98
A22,2021-10-09,03:37, 26,0, 98
A22,2021-10-09,03:38, 26,0, 98
A22,2021-10-09,03:39, 26,0, 98
A22,2021-10-09,03:40, 26,0, 98
A22,2021-10-09,03:41, 26,0, 98
A22,2021-10-09,03:42, 26,0, 98
A22,2021-10-09,03:43, 26,0, 98
A22,2021-10-09,03:44, 26,0, 98
A22,2021-10-09,03:45, 26,0, 98
A22,2021-10-09,03:46, 26,0, 98
A22,2021-10-09,03:47, 26,0, 97
A22,2021-10-09,03:48, 26,0, 97
A22,2021-10-09,03:49, 26,0, 97
A22,2021-10-09,03:50, 26,0, 97
A22,2021-10-09,03:51, 26,0, 97
A22,2021-10-09,03:52, 26,0, 97
A22,2021-10-09,03:53, 26,0, 97
A22,2021-10-09,03:54, 26,0, 97
A22,2021-10-09,03:55, 26,0, 97
A22,2021-10-09,03:56, 26,0, 97
A22,2021-10-09,03:57, 26,0, 97
A22,2021-10-09,03:58, 26,0, 97
A22,2021-10-09,03:59, 26,0, 97
A22,2021-10-09,04:00, 26,0, 97
A22,2021-10-09,04:01, 26,0, 97
A22,2021-10-09,04:02, 26,0, 97
A22,2021-10-09,04:03, 26,0, 97
A22,2021-10-09,04:04, 26,0, 98
A22,2021-10-09,04:05, 26,0, 98
A22,2021-10-09,04:06, 26,0, 98
A22,2021-10-09,04:07, 26,0, 98
A22,2021-10-09,04:08, 26,0, 98
A22,2021-10-09,04:09, 26,0, 98
A22,2021-10-09,04:10, 26,0, 98
A22,2021-10-09,04:11, 26,0, 98
A22,2021-10-09,04:12, 26,0, 97
A22,2021-10-09,04:13, 26,0, 97
A22,2021-10-09,04:14, 26,0, 97
A22,2021-10-09,04:15, 26,0, 98
A22,2021-10-09,04:16, 26,0, 98
A22,2021-10-09,04:17, 26,0, 97
A22,2021-10-09,04:18, 26,0, 97
A22,2021-10-09,04:19, 26,0, 97
A22,2021-10-09,04:20, 26,0, 98
A22,2021-10-09,04:21, 26,0, 97
A22,2021-10-09,04:22, 26,0, 97
A22,2021-10-09,04:23, 26,0, 98
A22,2021-10-09,04:24, 26,0, 98
A22,2021-10-09,04:25, 26,0, 98
A22,2021-10-09,04:26, 26,0, 98
A22,2021-10-09,04:27, 26,0, 98
A22,2021-10-09,04:28, 26,0, 98
A22,2021-10-09,04:29, 26,0, 98
A22,2021-10-09,04:30, 26,0, 98
A22,2021-10-09,04:31, 26,0, 98
A22,2021-10-09,04:32, 26,0, 98
A22,2021-10-09,04:33, 26,0, 98
A22,2021-10-09,04:34, 26,0, 98
A22,2021-10-09,04:35, 26,0, 98
A22,2021-10-09,04:36, 26,0, 97
A22,2021-10-09,04:37, 26,0, 97
A22,2021-10-09,04:38, 26,0, 97
A22,2021-10-09,04:39, 26,0, 98
A22,2021-10-09,04:40, 26,0, 98
A22,2021-10-09,04:41, 26,0, 99
A22,2021-10-09,04:42, 26,0, 99
A22,2021-10-09,04:43, 26,0, 99
A22,2021-10-09,04:44, 26,0, 99
A22,2021-10-09,04:45, 26,0, 99
A22,2021-10-09,04:46, 26,0, 99
A22,2021-10-09,04:47, 26,0, 99
A22,2021-10-09,04:48, 26,0, 99
A22,2021-10-09,04:49, 26,0, 99
A22,2021-10-09,04:50, 26,0, 99
A22,2021-10-09,04:51, 26,0, 99
A22,2021-10-09,04:52, 26,0, 99
A22,2021-10-09,04:53, 26,0, 99
A22,2021-10-09,04:54, 26,0, 99
A22,2021-10-09,04:55, 26,0, 99
A22,2021-10-09,04:56, 26,0, 99
A22,2021-10-09,04:57, 26,0, 99
A22,2021-10-09,04:58, 26,0, 99
A22,2021-10-09,04:59, 26,0, 99
A22,2021-10-09,05:00, 26,0, 99
A22,2021-10-09,05:01, 26,0, 99
A22,2021-10-09,05:02, 26,0, 99
A22,2021-10-09,05:03, 26,0, 99
A22,2021-10-09,05:04, 26,0, 99
A22,2021-10-09,05:05, 26,0, 99
A22,2021-10-09,05:06, 26,0, 99
A22,2021-10-09,05:07, 26,0, 99
A22,2021-10-09,05:08, 26,0, 99
A22,2021-10-09,05:09, 26,0, 99
A22,2021-10-09,05:10, 26,0, 99
A22,2021-10-09,05:11, 26,0, 99
A22,2021-10-09,05:12, 26,0, 99
A22,2021-10-09,05:13, 26,0, 99
A22,2021-10-09,05:14, 26,0, 99
A22,2021-10-09,05:15, 26,0, 99
A22,2021-10-09,05:16, 26,0, 99
A22,2021-10-09,05:17, 26,0, 99
A22,2021-10-09,05:18, 26,0, 99
A22,2021-10-09,05:19, 26,0, 99
A22,2021-10-09,05:20, 26,0, 99
A22,2021-10-09,05:21, 26,0, 99
A22,2021-10-09,05:22, 26,0, 99
A22,2021-10-09,05:23, 26,0, 99
A22,2021-10-09,05:24, 26,0, 99
A22,2021-10-09,05:25, 26,0, 99
A22,2021-10-09,05:26, 26,0, 99
A22,2021-10-09,05:27, 26,0, 99
A22,2021-10-09,05:28, 26,0, 99
A22,2021-10-09,05:29, 26,0, 99
A22,2021-10-09,05:30, 26,0, 99
A22,2021-10-09,05:31, 26,0, 99
A22,2021-10-09,05:32, 26,0, 99
A22,2021-10-09,05:33, 26,0, 99
A22,2021-10-09,05:34, 26,0, 99
A22,2021-10-09,05:35, 26,0, 99
A22,2021-10-09,05:36, 26,0, 99
A22,2021-10-09,05:37, 26,0, 99
A22,2021-10-09,05:38, 26,0, 99
A22,2021-10-09,05:39, 26,0, 98
A22,2021-10-09,05:40, 26,0, 98
A22,2021-10-09,05:41, 26,0, 98
A22,2021-10-09,05:42, 26,0, 98
A22,2021-10-09,05:43, 26,0, 99
A22,2021-10-09,05:44, 26,0, 98
A22,2021-10-09,05:45, 26,0, 98
A22,2021-10-09,05:46, 26,0, 98
A22,2021-10-09,05:47, 26,0, 98
A22,2021-10-09,05:48, 26,0, 98
A22,2021-10-09,05:49, 26,0, 98
A22,2021-10-09,05:50, 26,0, 98
A22,2021-10-09,05:51, 26,0, 98
A22,2021-10-09,05:52, 26,0, 98
A22,2021-10-09,05:53, 26,0, 98
A22,2021-10-09,05:54, 26,0, 98
A22,2021-10-09,05:55, 26,0, 98
A22,2021-10-09,05:56, 26,0, 98
A22,2021-10-09,05:57, 26,0, 97
A22,2021-10-09,05:58, 26,0, 97
A22,2021-10-09,05:59, 26,0, 98
A22,2021-10-09,06:00, 26,0, 97
A22,2021-10-09,06:01, 26,0, 97
A22,2021-10-09,06:02, 26,0, 97
A22,2021-10-09,06:03, 26,0, 97
A22,2021-10-09,06:04, 26,0, 97
A22,2021-10-09,06:05, 26,0, 97
A22,2021-10-09,06:06, 26,0, 97
A22,2021-10-09,06:07, 26,0, 97
A22,2021-10-09,06:08, 26,0, 97
A22,2021-10-09,06:09, 26,0, 97
A22,2021-10-09,06:10, 26,0, 96
A22,2021-10-09,06:11, 26,0, 96
A22,2021-10-09,06:12, 26,0, 96
A22,2021-10-09,06:13, 26,0, 96
A22,2021-10-09,06:14, 26,0, 96
A22,2021-10-09,06:15, 26,0, 96
A22,2021-10-09,06:16, 26,0, 96
A22,2021-10-09,06:17, 26,0, 96
A22,2021-10-09,06:18, 26,0, 96
A22,2021-10-09,06:19, 26,0, 96
A22,2021-10-09,06:20, 26,0, 96
A22,2021-10-09,06:21, 26,0, 96
A22,2021-10-09,06:22, 26,0, 96
A22,2021-10-09,06:23, 26,0, 96
A22,2021-10-09,06:24, 26,0, 96
A22,2021-10-09,06:25, 26,0, 96
A22,2021-10-09,06:26, 26,0, 96
A22,2021-10-09,06:27, 26,0, 96
A22,2021-10-09,06:28, 26,0, 96
A22,2021-10-09,06:29, 26,0, 96
A22,2021-10-09,06:30, 26,0, 96
A22,2021-10-09,06:31, 26,0, 96
A22,2021-10-09,06:32, 26,0, 96
A22,2021-10-09,06:33, 26,0, 96
A22,2021-10-09,06:34, 26,0, 96
A22,2021-10-09,06:35, 26,0, 96
A22,2021-10-09,06:36, 26,0, 96
A22,2021-10-09,06:37, 26,0, 96
A22,2021-10-09,06:38, 26,0, 96
A22,2021-10-09,06:39, 26,0, 95
A22,2021-10-09,06:40, 26,0, 95
A22,2021-10-09,06:41, 26,0, 96
A22,2021-10-09,06:42, 26,0, 96
A22,2021-10-09,06:43, 26,0, 96
A22,2021-10-09,06:44, 26,0, 96
A22,2021-10-09,06:45, 26,0, 95
A22,2021-10-09,06:46, 26,0, 95
A22,2021-10-09,06:47, 26,0, 95
A22,2021-10-09,06:48, 26,0, 96
A22,2021-10-09,06:49, 26,0, 96
A22,2021-10-09,06:50, 26,0, 96
A22,2021-10-09,06:51, 26,0, 96
A22,2021-10-09,06:52, 26,0, 96
A22,2021-10-09,06:53, 26,0, 96
A22,2021-10-09,06:54, 26,0, 96
A22,2021-10-09,06:55, 26,0, 96
A22,2021-10-09,06:56, 26,0, 96
A22,2021-10-09,06:57, 26,0, 96
A22,2021-10-09,06:58, 26,0, 96
A22,2021-10-09,06:59, 26,0, 96
A22,2021-10-09,07:00, 26,0, 96
A22,2021-10-09,07:01, 26,0, 96
A22,2021-10-09,07:02, 27,1, 96
A22,2021-10-09,07:03, 27,0, 96
A22,2021-10-09,07:04, 27,0, 96
A22,2021-10-09,07:05, 27,0, 96
A22,2021-10-09,07:06, 27,0, 96
A22,2021-10-09,07:07, 27,0, 96
A22,2021-10-09,07:08, 27,0, 96
A22,2021-10-09,07:10, 27,0, 96
A22,2021-10-09,07:10, 27,0, 96
A22,2021-10-09,07:11, 27,0, 96
A22,2021-10-09,07:12, 27,0, 96
A22,2021-10-09,07:13, 27,0, 96
A22,2021-10-09,07:14, 27,0, 96
A22,2021-10-09,07:15, 27,0, 96
A22,2021-10-09,07:16, 27,0, 95
A22,2021-10-09,07:17, 27,0, 95
A22,2021-10-09,07:18, 27,0, 95
A22,2021-10-09,07:19, 27,0, 95
A22,2021-10-09,07:20, 27,0, 94
A22,2021-10-09,07:21, 27,0, 94
A22,2021-10-09,07:22, 27,0, 95
A22,2021-10-09,07:23, 27,0, 94
A22,2021-10-09,07:24, 27,0, 94
A22,2021-10-09,07:25, 27,0, 94
A22,2021-10-09,07:26, 27,0, 94
A22,2021-10-09,07:27, 27,0, 94
A22,2021-10-09,07:28, 27,0, 94
A22,2021-10-09,07:29, 27,0, 94
A22,2021-10-09,07:30, 27,0, 94
A22,2021-10-09,07:31, 27,0, 94
A22,2021-10-09,07:32, 27,0, 94
A22,2021-10-09,07:33, 27,0, 94
A22,2021-10-09,07:34, 27,0, 94
A22,2021-10-09,07:35, 27,0, 94
A22,2021-10-09,07:36, 27,0, 94
A22,2021-10-09,07:37, 27,0, 94
A22,2021-10-09,07:38, 27,0, 94
A22,2021-10-09,07:39, 27,0, 94
A22,2021-10-09,07:40, 27,0, 94
A22,2021-10-09,07:41, 27,0, 94
A22,2021-10-09,07:42, 27,0, 94
A22,2021-10-09,07:43, 27,0, 94
A22,2021-10-09,07:44, 27,0, 94
A22,2021-10-09,07:45, 27,0, 94
A22,2021-10-09,07:46, 27,0, 94
A22,2021-10-09,07:47, 27,0, 94
A22,2021-10-09,07:48, 27,0, 94
A22,2021-10-09,07:49, 27,0, 94
A22,2021-10-09,07:50, 27,0, 94
A22,2021-10-09,07:51, 27,0, 94
A22,2021-10-09,07:52, 27,0, 94
A22,2021-10-09,07:53, 27,0, 94
A22,2021-10-09,07:54, 27,0, 94
A22,2021-10-09,07:55, 27,0, 94
A22,2021-10-09,07:56, 27,0, 94
A22,2021-10-09,07:57, 27,0, 94
A22,2021-10-09,07:58, 27,0, 94
A22,2021-10-09,07:59, 27,0, 94
A22,2021-10-09,08:00, 27,0, 94
A22,2021-10-09,08:01, 27,0, 94
A22,2021-10-09,08:02, 27,0, 94
A22,2021-10-09,08:03, 27,0, 94
A22,2021-10-09,08:04, 27,0, 94
A22,2021-10-09,08:05, 27,0, 94
A22,2021-10-09,08:06, 27,0, 94
A22,2021-10-09,08:07, 27,0, 94
A22,2021-10-09,08:08, 27,0, 94
A22,2021-10-09,08:09, 27,0, 93
A22,2021-10-09,08:10, 27,0, 93
A22,2021-10-09,08:11, 27,0, 93
A22,2021-10-09,08:12, 27,0, 93
A22,2021-10-09,08:13, 27,0, 93
A22,2021-10-09,08:14, 27,0, 93
A22,2021-10-09,08:15, 27,0, 93
A22,2021-10-09,08:16, 27,0, 93
A22,2021-10-09,08:17, 27,0, 93
A22,2021-10-09,08:18, 27,0, 93
A22,2021-10-09,08:19, 27,0, 93
A22,2021-10-09,08:20, 27,0, 94
A22,2021-10-09,08:21, 27,0, 94
A22,2021-10-09,08:22, 27,0, 94
A22,2021-10-09,08:23, 27,0, 94
A22,2021-10-09,08:24, 27,0, 94
A22,2021-10-09,08:25, 27,0, 93
A22,2021-10-09,08:26, 27,0, 93
A22,2021-10-09,08:27, 27,0, 93
A22,2021-10-09,08:28, 27,0, 93
A22,2021-10-09,08:29, 27,0, 93
A22,2021-10-09,08:30, 27,0, 93
A22,2021-10-09,08:31, 27,0, 93
A22,2021-10-09,08:32, 27,0, 93
A22,2021-10-09,08:33, 27,0, 93
A22,2021-10-09,08:34, 27,0, 93
A22,2021-10-09,08:35, 27,0, 93
A22,2021-10-09,08:36, 27,0, 93
A22,2021-10-09,08:37, 27,0, 93
A22,2021-10-09,08:38, 27,0, 93
A22,2021-10-09,08:39, 27,0, 93
A22,2021-10-09,08:40, 27,0, 93
A22,2021-10-09,08:41, 27,0, 93
A22,2021-10-09,08:42, 27,0, 93
A22,2021-10-09,08:43, 27,0, 93
A22,2021-10-09,08:44, 27,0, 93
A22,2021-10-09,08:45, 27,0, 93
A22,2021-10-09,08:46, 27,0, 93
A22,2021-10-09,08:47, 27,0, 93
A22,2021-10-09,08:48, 27,0, 93
A22,2021-10-09,08:49, 27,0, 93
A22,2021-10-09,08:50, 27,0, 93
A22,2021-10-09,08:51, 27,0, 93
A22,2021-10-09,08:52, 27,0, 93
A22,2021-10-09,08:53, 27,0, 93
A22,2021-10-09,08:54, 27,0, 93
A22,2021-10-09,08:55, 27,0, 93
A22,2021-10-09,08:56, 27,0, 93
A22,2021-10-09,08:57, 27,0, 93
A22,2021-10-09,08:58, 27,0, 93
A22,2021-10-09,08:59, 27,0, 93
A22,2021-10-09,09:00, 27,0, 93
A22,2021-10-09,09:01, 27,0, 93
A22,2021-10-09,09:09, 27,0, 93
A22,2021-10-09,09:10, 27,0, 93
A22,2021-10-09,09:11, 27,0, 93
A22,2021-10-09,09:12, 27,0, 93
A22,2021-10-09,09:13, 27,0, 93
A22,2021-10-09,09:14, 27,0, 93
A22,2021-10-09,09:15, 27,0, 93
A22,2021-10-09,09:16, 27,0, 93
A22,2021-10-09,09:17, 27,0, 93
A22,2021-10-09,09:18, 27,0, 93
A22,2021-10-09,09:19, 27,0, 93
A22,2021-10-09,09:20, 27,0, 93
A22,2021-10-09,09:21, 27,0, 93
A22,2021-10-09,09:22, 27,0, 92
A22,2021-10-09,09:23, 27,0, 92
A22,2021-10-09,09:24, 27,0, 92
A22,2021-10-09,09:25, 28,1, 92
A22,2021-10-09,09:26, 28,0, 91
A22,2021-10-09,09:27, 28,0, 91
A22,2021-10-09,09:28, 28,0, 91
A22,2021-10-09,09:29, 28,0, 91
A22,2021-10-09,09:30, 28,0, 91
A22,2021-10-09,09:31, 28,0, 91
A22,2021-10-09,09:32, 28,0, 91
A22,2021-10-09,09:33, 28,0, 92
A22,2021-10-09,09:34, 28,0, 92
A22,2021-10-09,09:35, 27,1, 91
A22,2021-10-09,09:36, 28,1, 91
A22,2021-10-09,09:37, 27,1, 91
A22,2021-10-09,09:38, 28,1, 91
A22,2021-10-09,09:39, 27,1, 91
A22,2021-10-09,09:40, 28,1, 91
A22,2021-10-09,09:41, 28,0, 91
A22,2021-10-09,09:42, 28,0, 91
A22,2021-10-09,09:43, 28,0, 91
A22,2021-10-09,09:44, 27,1, 91
A22,2021-10-09,09:45, 27,0, 91
A22,2021-10-09,09:46, 27,0, 91
A22,2021-10-09,09:47, 27,0, 91
A22,2021-10-09,09:48, 27,0, 91
A22,2021-10-09,09:49, 27,0, 91
A22,2021-10-09,09:50, 27,0, 91
A22,2021-10-09,09:51, 27,0, 92
A22,2021-10-09,09:52, 27,0, 92
A22,2021-10-09,09:53, 27,0, 92
A22,2021-10-09,09:54, 27,0, 92
A22,2021-10-09,09:55, 27,0, 92
A22,2021-10-09,09:56, 27,0, 92
A22,2021-10-09,09:57, 27,0, 92
A22,2021-10-09,09:58, 27,0, 92
A22,2021-10-09,09:59, 27,0, 92
A22,2021-10-09,10:00, 27,0, 92
A22,2021-10-09,10:01, 27,0, 93
A22,2021-10-09,10:02, 27,0, 93
A22,2021-10-09,10:03, 27,0, 93
A22,2021-10-09,10:04, 27,0, 93
A22,2021-10-09,10:05, 27,0, 93
A22,2021-10-09,10:06, 27,0, 93
A22,2021-10-09,10:07, 27,0, 93
A22,2021-10-09,10:08, 27,0, 93
A22,2021-10-09,10:09, 27,0, 93
A22,2021-10-09,10:10, 27,0, 81
A22,2021-10-09,10:11, 27,0, 78
A22,2021-10-09,10:12, 27,0, 78
A22,2021-10-09,10:13, 27,0, 78
A22,2021-10-09,10:14, 27,0, 80
A22,2021-10-09,10:15, 27,0, 82
A22,2021-10-09,10:16, 27,0, 81
A22,2021-10-09,10:17, 27,0, 81
A22,2021-10-09,10:18, 27,0, 82
A22,2021-10-09,10:19, 27,0, 81
A22,2021-10-09,10:20, 27,0, 81
A22,2021-10-09,10:21, 27,0, 81
A22,2021-10-09,10:22, 27,0, 81
A22,2021-10-09,10:23, 27,0, 82
A22,2021-10-09,10:24, 27,0, 83
A22,2021-10-09,10:25, 27,0, 83
A22,2021-10-09,10:26, 27,0, 84
A22,2021-10-09,10:27, 27,0, 86
A22,2021-10-09,10:28, 27,0, 87
A22,2021-10-09,10:29, 27,0, 88
A22,2021-10-09,10:30, 27,0, 89
A22,2021-10-09,10:31, 27,0, 90
A22,2021-10-09,10:32, 27,0, 90
A22,2021-10-09,10:33, 27,0, 90
A22,2021-10-09,10:34, 27,0, 90
A22,2021-10-09,10:35, 27,0, 90
A22,2021-10-09,10:36, 27,0, 91
A22,2021-10-09,10:37, 27,0, 77
A22,2021-10-09,10:38, 27,0, 76
A22,2021-10-09,10:39, 27,0, 79
A22,2021-10-09,10:40, 27,0, 81
A22,2021-10-09,10:41, 27,0, 85
A22,2021-10-09,10:42, 27,0, 87
A22,2021-10-09,10:43, 27,0, 89
A22,2021-10-09,10:44, 27,0, 90
A22,2021-10-09,10:45, 27,0, 90
A22,2021-10-09,10:46, 27,0, 90
A22,2021-10-09,10:47, 27,0, 91
A22,2021-10-09,10:48, 27,0, 91
A22,2021-10-09,10:49, 27,0, 91
A22,2021-10-09,10:50, 27,0, 91
A22,2021-10-09,10:51, 27,0, 91
A22,2021-10-09,10:52, 27,0, 91
A22,2021-10-09,10:53, 27,0, 92
A22,2021-10-09,10:54, 27,0, 92
A22,2021-10-09,10:55, 27,0, 92
A22,2021-10-09,10:56, 27,0, 92
A22,2021-10-09,10:57, 27,0, 92
A22,2021-10-09,10:58, 27,0, 92
A22,2021-10-09,10:59, 27,0, 92
A22,2021-10-09,11:00, 27,0, 92
A22,2021-10-09,11:01, 27,0, 92
A22,2021-10-09,11:02, 27,0, 92
A22,2021-10-09,11:03, 27,0, 92
A22,2021-10-09,11:04, 27,0, 92
A22,2021-10-09,11:05, 27,0, 92
A22,2021-10-09,11:06, 27,0, 93
A22,2021-10-09,11:07, 27,0, 93
A22,2021-10-09,11:08, 27,0, 93
A22,2021-10-09,11:09, 27,0, 93
A22,2021-10-09,11:10, 27,0, 93
A22,2021-10-09,11:11, 27,0, 93
A22,2021-10-09,11:12, 27,0, 93
A22,2021-10-09,11:13, 27,0, 93
A22,2021-10-09,11:14, 27,0, 93
A22,2021-10-09,11:15, 27,0, 93
A22,2021-10-09,11:16, 27,0, 93
A22,2021-10-09,11:17, 27,0, 94
A22,2021-10-09,11:18, 27,0, 94
A22,2021-10-09,11:19, 27,0, 94
A22,2021-10-09,11:20, 27,0, 94
A22,2021-10-09,11:21, 27,0, 94
A22,2021-10-09,11:22, 27,0, 94
A22,2021-10-09,11:23, 27,0, 94
A22,2021-10-09,11:24, 27,0, 94
A22,2021-10-09,11:25, 27,0, 94
A22,2021-10-09,11:26, 27,0, 94
A22,2021-10-09,11:27, 27,0, 93
A22,2021-10-09,11:28, 27,0, 93
A22,2021-10-09,11:29, 27,0, 93
A22,2021-10-09,11:30, 27,0, 94
A22,2021-10-09,11:31, 27,0, 93
A22,2021-10-09,11:32, 27,0, 93
A22,2021-10-09,11:33, 27,0, 93
A22,2021-10-09,11:34, 27,0, 93
A22,2021-10-09,11:35, 27,0, 93
A22,2021-10-09,11:36, 27,0, 93
A22,2021-10-09,11:37, 27,0, 93
A22,2021-10-09,11:38, 27,0, 93
A22,2021-10-09,11:39, 27,0, 93
A22,2021-10-09,11:40, 27,0, 93
A22,2021-10-09,11:41, 27,0, 93
A22,2021-10-09,11:42, 27,0, 93
A22,2021-10-09,11:43, 27,0, 93
A22,2021-10-09,11:44, 27,0, 92
A22,2021-10-09,11:45, 27,0, 92
A22,2021-10-09,11:46, 27,0, 92
A22,2021-10-09,11:47, 27,0, 92
A22,2021-10-09,11:48, 27,0, 92
A22,2021-10-09,11:49, 27,0, 92
A22,2021-10-09,11:50, 27,0, 92
A22,2021-10-09,11:51, 27,0, 92
A22,2021-10-09,11:52, 27,0, 92
A22,2021-10-09,11:53, 27,0, 92
A22,2021-10-09,11:54, 27,0, 92
A22,2021-10-09,11:55, 27,0, 92
A22,2021-10-09,11:56, 27,0, 92
A22,2021-10-09,11:57, 27,0, 92
A22,2021-10-09,11:58, 27,0, 92
A22,2021-10-09,11:59, 27,0, 92
A22,2021-10-09,12:00, 27,0, 92
A22,2021-10-09,12:01, 27,0, 91
A22,2021-10-09,12:02, 27,0, 91
A22,2021-10-09,12:03, 27,0, 91
A22,2021-10-09,12:04, 27,0, 91
A22,2021-10-09,12:05, 27,0, 91
A22,2021-10-09,12:06, 27,0, 91
A22,2021-10-09,12:07, 27,0, 91
A22,2021-10-09,12:08, 27,0, 91
A22,2021-10-09,12:09, 27,0, 91
A22,2021-10-09,12:10, 27,0, 91
A22,2021-10-09,12:11, 27,0, 91
A22,2021-10-09,12:12, 27,0, 91
A22,2021-10-09,12:13, 27,0, 91
A22,2021-10-09,12:14, 27,0, 91
A22,2021-10-09,12:15, 27,0, 92
A22,2021-10-09,12:16, 27,0, 92
A22,2021-10-09,12:17, 27,0, 92
A22,2021-10-09,12:18, 27,0, 93
A22,2021-10-09,12:19, 27,0, 93
A22,2021-10-09,12:20, 27,0, 93
A22,2021-10-09,12:21, 27,0, 93
A22,2021-10-09,12:22, 27,0, 92
A22,2021-10-09,12:23, 27,0, 92
A22,2021-10-09,12:24, 27,0, 92
A22,2021-10-09,12:25, 27,0, 92
A22,2021-10-09,12:26, 27,0, 92
A22,2021-10-09,12:27, 27,0, 92
A22,2021-10-09,12:28, 27,0, 92
A22,2021-10-09,12:29, 27,0, 92
A22,2021-10-09,12:30, 27,0, 92
A22,2021-10-09,12:31, 27,0, 92
A22,2021-10-09,12:32, 27,0, 92
A22,2021-10-09,12:33, 27,0, 92
A22,2021-10-09,12:34, 27,0, 92
A22,2021-10-09,12:35, 27,0, 92
A22,2021-10-09,12:36, 27,0, 92
A22,2021-10-09,12:37, 27,0, 92
A22,2021-10-09,12:38, 27,0, 92
A22,2021-10-09,12:39, 27,0, 92
A22,2021-10-09,12:40, 27,0, 92
A22,2021-10-09,12:41, 27,0, 92
A22,2021-10-09,12:42, 27,0, 92
A22,2021-10-09,12:43, 27,0, 92
A22,2021-10-09,12:44, 27,0, 92
A22,2021-10-09,12:45, 27,0, 92
A22,2021-10-09,12:46, 27,0, 92
A22,2021-10-09,12:47, 27,0, 92
A22,2021-10-09,12:48, 27,0, 92
A22,2021-10-09,12:49, 27,0, 92
A22,2021-10-09,12:50, 27,0, 92
A22,2021-10-09,12:51, 27,0, 92
A22,2021-10-09,12:52, 27,0, 92
A22,2021-10-09,12:53, 27,0, 92
A22,2021-10-09,12:54, 27,0, 92
A22,2021-10-09,12:55, 27,0, 92
A22,2021-10-09,12:56, 27,0, 91
A22,2021-10-09,12:57, 27,0, 92
A22,2021-10-09,12:58, 27,0, 92
A22,2021-10-09,12:59, 27,0, 91
A22,2021-10-09,13:00, 27,0, 91
A22,2021-10-09,13:01, 27,0, 91
A22,2021-10-09,13:02, 27,0, 91
A22,2021-10-09,13:03, 27,0, 91
A22,2021-10-09,13:04, 27,0, 91
A22,2021-10-09,13:05, 27,0, 92
A22,2021-10-09,13:06, 27,0, 92
A22,2021-10-09,13:07, 27,0, 91
A22,2021-10-09,13:08, 27,0, 92
A22,2021-10-09,13:09, 27,0, 91
A22,2021-10-09,13:10, 27,0, 91
A22,2021-10-09,13:11, 27,0, 91
A22,2021-10-09,13:12, 27,0, 92
A22,2021-10-09,13:13, 27,0, 91
A22,2021-10-09,13:14, 27,0, 91
A22,2021-10-09,13:15, 27,0, 91
A22,2021-10-09,13:16, 27,0, 91
A22,2021-10-09,13:17, 27,0, 91
A22,2021-10-09,13:18, 27,0, 91
A22,2021-10-09,13:19, 27,0, 91
A22,2021-10-09,13:20, 27,0, 91
A22,2021-10-09,13:21, 27,0, 91
A22,2021-10-09,13:22, 27,0, 91
A22,2021-10-09,13:23, 27,0, 91
A22,2021-10-09,13:24, 27,0, 91
A22,2021-10-09,13:25, 27,0, 91
A22,2021-10-09,13:26, 27,0, 91
A22,2021-10-09,13:27, 27,0, 92
A22,2021-10-09,13:28, 27,0, 92
A22,2021-10-09,13:29, 27,0, 92
A22,2021-10-09,13:30, 27,0, 92
A22,2021-10-09,13:31, 27,0, 92
A22,2021-10-09,13:32, 27,0, 92
A22,2021-10-09,13:33, 27,0, 91
A22,2021-10-09,13:34, 27,0, 91
A22,2021-10-09,13:35, 27,0, 91
A22,2021-10-09,13:36, 27,0, 91
A22,2021-10-09,13:37, 27,0, 91
A22,2021-10-09,13:38, 27,0, 91
A22,2021-10-09,13:39, 27,0, 91
A22,2021-10-09,13:40, 27,0, 91
A22,2021-10-09,13:41, 27,0, 91
A22,2021-10-09,13:42, 27,0, 91
A22,2021-10-09,13:43, 27,0, 91
A22,2021-10-09,13:44, 27,0, 91
A22,2021-10-09,13:45, 27,0, 91
A22,2021-10-09,13:46, 27,0, 91
A22,2021-10-09,13:47, 27,0, 91
A22,2021-10-09,13:48, 27,0, 91
A22,2021-10-09,13:49, 27,0, 91
A22,2021-10-09,13:50, 27,0, 91
A22,2021-10-09,13:51, 27,0, 91
A22,2021-10-09,13:52, 27,0, 91
A22,2021-10-09,13:53, 27,0, 91
A22,2021-10-09,13:54, 27,0, 91
A22,2021-10-09,13:55, 27,0, 91
A22,2021-10-09,13:56, 27,0, 91
A22,2021-10-09,13:57, 27,0, 91
A22,2021-10-09,13:58, 27,0, 91
A22,2021-10-09,13:59, 27,0, 91
A22,2021-10-09,14:00, 27,0, 91
A22,2021-10-09,14:01, 27,0, 91
A22,2021-10-09,14:02, 27,0, 91
A22,2021-10-09,14:03, 27,0, 91
A22,2021-10-09,14:04, 27,0, 91
A22,2021-10-09,14:05, 27,0, 91
A22,2021-10-09,14:06, 27,0, 91
A22,2021-10-09,14:07, 27,0, 91
A22,2021-10-09,14:08, 27,0, 90
A22,2021-10-09,14:09, 27,0, 90
A22,2021-10-09,14:10, 27,0, 90
A22,2021-10-09,14:11, 27,0, 90
A22,2021-10-09,14:12, 27,0, 90
A22,2021-10-09,14:13, 27,0, 90
A22,2021-10-09,14:14, 27,0, 90
A22,2021-10-09,14:15, 27,0, 90
A22,2021-10-09,14:16, 27,0, 90
A22,2021-10-09,14:17, 27,0, 90
A22,2021-10-09,14:18, 27,0, 90
A22,2021-10-09,14:19, 27,0, 90
A22,2021-10-09,14:20, 27,0, 90
A22,2021-10-09,14:21, 27,0, 90
A22,2021-10-09,14:22, 27,0, 90
A22,2021-10-09,14:23, 27,0, 90
A22,2021-10-09,14:24, 27,0, 90
A22,2021-10-09,14:25, 27,0, 90
A22,2021-10-09,14:26, 27,0, 90
A22,2021-10-09,14:27, 27,0, 90
A22,2021-10-09,14:28, 27,0, 90
A22,2021-10-09,14:29, 27,0, 90
A22,2021-10-09,14:30, 27,0, 90
A22,2021-10-09,14:31, 27,0, 90
A22,2021-10-09,14:32, 27,0, 91
A22,2021-10-09,14:33, 27,0, 90
A22,2021-10-09,14:34, 27,0, 90
A22,2021-10-09,14:35, 27,0, 90
A22,2021-10-09,14:36, 27,0, 90
A22,2021-10-09,14:37, 27,0, 90
A22,2021-10-09,14:38, 27,0, 90
A22,2021-10-09,14:39, 27,0, 90
A22,2021-10-09,14:40, 27,0, 90
A22,2021-10-09,14:41, 27,0, 90
A22,2021-10-09,14:42, 27,0, 90
A22,2021-10-09,14:43, 27,0, 90
A22,2021-10-09,14:44, 27,0, 90
A22,2021-10-09,14:45, 27,0, 90
A22,2021-10-09,14:46, 27,0, 90
A22,2021-10-09,14:47, 27,0, 90
A22,2021-10-09,14:48, 27,0, 90
A22,2021-10-09,14:49, 27,0, 90
A22,2021-10-09,14:50, 27,0, 90
A22,2021-10-09,14:51, 27,0, 90
A22,2021-10-09,14:52, 27,0, 90
A22,2021-10-09,14:53, 27,0, 90
A22,2021-10-09,14:54, 27,0, 90
A22,2021-10-09,14:55, 27,0, 90
A22,2021-10-09,14:56, 27,0, 90
A22,2021-10-09,14:57, 27,0, 90
A22,2021-10-09,14:58, 27,0, 90
A22,2021-10-09,14:59, 27,0, 90
A22,2021-10-09,15:00, 27,0, 90
A22,2021-10-09,15:01, 27,0, 90
A22,2021-10-09,15:02, 27,0, 90
A22,2021-10-09,15:03, 27,0, 90
A22,2021-10-09,15:04, 27,0, 89
A22,2021-10-09,15:05, 27,0, 90
A22,2021-10-09,15:06, 27,0, 90
A22,2021-10-09,15:07, 27,0, 90
A22,2021-10-09,15:08, 27,0, 89
A22,2021-10-09,15:09, 27,0, 89
A22,2021-10-09,15:10, 27,0, 89
A22,2021-10-09,15:11, 27,0, 89
A22,2021-10-09,15:12, 27,0, 90
A22,2021-10-09,15:13, 27,0, 90
A22,2021-10-09,15:14, 27,0, 90
A22,2021-10-09,15:15, 27,0, 90
A22,2021-10-09,15:16, 27,0, 90
A22,2021-10-09,15:17, 27,0, 90
A22,2021-10-09,15:18, 27,0, 90
A22,2021-10-09,15:19, 27,0, 90
A22,2021-10-09,15:20, 27,0, 90
A22,2021-10-09,15:21, 27,0, 90
A22,2021-10-09,15:22, 27,0, 90
A22,2021-10-09,15:23, 27,0, 90
A22,2021-10-09,15:24, 27,0, 90
A22,2021-10-09,15:25, 27,0, 90
A22,2021-10-09,15:26, 27,0, 90
A22,2021-10-09,15:27, 27,0, 90
A22,2021-10-09,15:28, 27,0, 90
A22,2021-10-09,15:29, 27,0, 90
A22,2021-10-09,15:30, 27,0, 90
A22,2021-10-09,15:31, 27,0, 90
A22,2021-10-09,15:32, 27,0, 90
A22,2021-10-09,15:33, 27,0, 90
A22,2021-10-09,15:34, 27,0, 90
A22,2021-10-09,15:35, 27,0, 90
A22,2021-10-09,15:36, 27,0, 90
A22,2021-10-09,15:37, 27,0, 90
A22,2021-10-09,15:38, 27,0, 90
A22,2021-10-09,15:39, 27,0, 90
A22,2021-10-09,15:40, 27,0, 90
A22,2021-10-09,15:41, 27,0, 90
A22,2021-10-09,15:42, 27,0, 90
A22,2021-10-09,15:43, 27,0, 90
A22,2021-10-09,15:44, 27,0, 90
A22,2021-10-09,15:45, 27,0, 90
A22,2021-10-09,15:46, 27,0, 92
A22,2021-10-09,15:47, 27,0, 92
A22,2021-10-09,15:48, 27,0, 93
A22,2021-10-09,15:49, 27,0, 94
A22,2021-10-09,15:50, 27,0, 95
A22,2021-10-09,15:51, 27,0, 91
A22,2021-10-09,15:52, 27,0, 90
A22,2021-10-09,15:53, 27,0, 90
A22,2021-10-09,15:54, 27,0, 91
A22,2021-10-09,15:55, 27,0, 92
A22,2021-10-09,15:56, 27,0, 90
A22,2021-10-09,15:57, 27,0, 91
A22,2021-10-09,15:58, 27,0, 90
A22,2021-10-09,15:59, 27,0, 91
A22,2021-10-09,16:00, 27,0, 90
A22,2021-10-09,16:01, 27,0, 90
A22,2021-10-09,16:02, 27,0, 90
A22,2021-10-09,16:03, 27,0, 90
A22,2021-10-09,16:08, 27,0, 89
A22,2021-10-09,16:09, 27,0, 89
A22,2021-10-09,16:10, 27,0, 89
A22,2021-10-09,16:11, 27,0, 89
A22,2021-10-09,16:12, 27,0, 89
A22,2021-10-09,16:13, 27,0, 90
A22,2021-10-09,16:14, 27,0, 90
A22,2021-10-09,16:15, 27,0, 90
A22,2021-10-09,16:16, 27,0, 89
A22,2021-10-09,16:17, 27,0, 90
A22,2021-10-09,16:18, 27,0, 90
A22,2021-10-09,16:19, 27,0, 90
A22,2021-10-09,16:20, 27,0, 90
A22,2021-10-09,16:21, 27,0, 90
A22,2021-10-09,16:22, 27,0, 89
A22,2021-10-09,16:23, 27,0, 90
A22,2021-10-09,16:24, 27,0, 90
A22,2021-10-09,16:25, 27,0, 90
A22,2021-10-09,16:26, 27,0, 90
A22,2021-10-09,16:27, 27,0, 90
A22,2021-10-09,16:28, 27,0, 90
A22,2021-10-09,16:29, 27,0, 90
A22,2021-10-09,16:30, 27,0, 90
A22,2021-10-09,16:31, 27,0, 90
A22,2021-10-09,16:32, 27,0, 90
A22,2021-10-09,16:33, 27,0, 90
A22,2021-10-09,16:34, 27,0, 90
A22,2021-10-09,16:35, 27,0, 90
A22,2021-10-09,16:36, 27,0, 90
A22,2021-10-09,16:37, 27,0, 90
A22,2021-10-09,16:38, 27,0, 90
A22,2021-10-09,16:39, 27,0, 90
A22,2021-10-09,16:40, 27,0, 89
A22,2021-10-09,16:41, 27,0, 89
A22,2021-10-09,16:42, 27,0, 88
A22,2021-10-09,16:43, 27,0, 88
A22,2021-10-09,16:44, 27,0, 88
A22,2021-10-09,16:45, 27,0, 88
A22,2021-10-09,16:46, 27,0, 87
A22,2021-10-09,16:47, 27,0, 87
A22,2021-10-09,16:48, 27,0, 88
A22,2021-10-09,16:49, 27,0, 88
A22,2021-10-09,16:50, 27,0, 88
A22,2021-10-09,16:51, 27,0, 88
A22,2021-10-09,16:52, 27,0, 88
A22,2021-10-09,16:53, 27,0, 87
A22,2021-10-09,16:54, 27,0, 87
A22,2021-10-09,16:55, 27,0, 87
A22,2021-10-09,16:56, 27,0, 88
A22,2021-10-09,16:57, 27,0, 88
A22,2021-10-09,16:58, 27,0, 88
A22,2021-10-09,16:59, 27,0, 88
A22,2021-10-09,17:00, 27,0, 88
A22,2021-10-09,17:01, 27,0, 88
A22,2021-10-09,17:02, 27,0, 87
A22,2021-10-09,17:03, 27,0, 87
A22,2021-10-09,17:04, 27,0, 87
A22,2021-10-09,17:05, 27,0, 87
A22,2021-10-09,17:06, 27,0, 87
A22,2021-10-09,17:07, 27,0, 87
A22,2021-10-09,17:08, 27,0, 87
A22,2021-10-09,17:09, 27,0, 87
A22,2021-10-09,17:10, 27,0, 87
A22,2021-10-09,17:11, 27,0, 88
A22,2021-10-09,17:12, 27,0, 88
A22,2021-10-09,17:13, 27,0, 88
A22,2021-10-09,17:14, 27,0, 88
A22,2021-10-09,17:15, 27,0, 88
A22,2021-10-09,17:16, 27,0, 88
A22,2021-10-09,17:17, 27,0, 88
A22,2021-10-09,17:18, 27,0, 88
A22,2021-10-09,17:19, 27,0, 89
A22,2021-10-09,17:20, 27,0, 89
A22,2021-10-09,17:21, 27,0, 89
A22,2021-10-09,17:22, 27,0, 90
A22,2021-10-09,17:23, 27,0, 90
A22,2021-10-09,17:24, 27,0, 90
A22,2021-10-09,17:25, 27,0, 89
A22,2021-10-09,17:26, 27,0, 89
A22,2021-10-09,17:27, 27,0, 89
A22,2021-10-09,17:28, 27,0, 89
A22,2021-10-09,17:29, 27,0, 88
A22,2021-10-09,17:30, 27,0, 87
A22,2021-10-09,17:31, 27,0, 87
A22,2021-10-09,17:32, 27,0, 87
A22,2021-10-09,17:33, 27,0, 87
A22,2021-10-09,17:34, 27,0, 87
A22,2021-10-09,17:35, 27,0, 87
A22,2021-10-09,17:36, 27,0, 87
A22,2021-10-09,17:37, 27,0, 88
A22,2021-10-09,17:38, 27,0, 88
A22,2021-10-09,17:39, 27,0, 87
A22,2021-10-09,17:40, 27,0, 87
A22,2021-10-09,17:41, 27,0, 87
A22,2021-10-09,17:42, 27,0, 87
A22,2021-10-09,17:43, 27,0, 87
A22,2021-10-09,17:44, 27,0, 87
A22,2021-10-09,17:45, 27,0, 87
A22,2021-10-09,17:46, 27,0, 87
A22,2021-10-09,17:47, 27,0, 88
A22,2021-10-09,17:48, 27,0, 88
A22,2021-10-09,17:49, 27,0, 88
A22,2021-10-09,17:50, 27,0, 88
A22,2021-10-09,17:51, 27,0, 88
A22,2021-10-09,17:52, 27,0, 88
A22,2021-10-09,17:53, 27,0, 89
A22,2021-10-09,17:54, 27,0, 89
A22,2021-10-09,17:55, 27,0, 89
A22,2021-10-09,17:56, 27,0, 90
A22,2021-10-09,17:57, 27,0, 90
A22,2021-10-09,17:58, 27,0, 90
A22,2021-10-09,17:59, 27,0, 90
A22,2021-10-09,18:00, 27,0, 90
A22,2021-10-09,18:01, 27,0, 90
A22,2021-10-09,18:02, 27,0, 90
A22,2021-10-09,18:03, 27,0, 90
A22,2021-10-09,18:04, 27,0, 90
A22,2021-10-09,18:05, 27,0, 90
A22,2021-10-09,18:06, 27,0, 91
A22,2021-10-09,18:07, 27,0, 91
A22,2021-10-09,18:08, 27,0, 91
A22,2021-10-09,18:09, 27,0, 91
A22,2021-10-09,18:10, 27,0, 91
A22,2021-10-09,18:11, 27,0, 91
A22,2021-10-09,18:12, 27,0, 91
A22,2021-10-09,18:13, 27,0, 91
A22,2021-10-09,18:14, 27,0, 91
A22,2021-10-09,18:15, 27,0, 91
A22,2021-10-09,18:16, 27,0, 91
A22,2021-10-09,18:17, 27,0, 92
A22,2021-10-09,18:18, 27,0, 91
A22,2021-10-09,18:19, 27,0, 91
A22,2021-10-09,18:20, 27,0, 91
A22,2021-10-09,18:21, 27,0, 91
A22,2021-10-09,18:22, 27,0, 91
A22,2021-10-09,18:23, 27,0, 91
A22,2021-10-09,18:24, 27,0, 91
A22,2021-10-09,18:25, 27,0, 91
A22,2021-10-09,18:26, 27,0, 91
A22,2021-10-09,18:27, 27,0, 91
A22,2021-10-09,18:28, 27,0, 91
A22,2021-10-09,18:29, 27,0, 91
A22,2021-10-09,18:30, 27,0, 91
A22,2021-10-09,18:31, 27,0, 91
A22,2021-10-09,18:32, 27,0, 91
A22,2021-10-09,18:33, 27,0, 91
A22,2021-10-09,18:34, 27,0, 91
A22,2021-10-09,18:35, 27,0, 91
A22,2021-10-09,18:36, 27,0, 91
A22,2021-10-09,18:37, 27,0, 91
A22,2021-10-09,18:38, 27,0, 91
A22,2021-10-09,18:39, 27,0, 90
A22,2021-10-09,18:40, 27,0, 90
A22,2021-10-09,18:41, 27,0, 90
A22,2021-10-09,18:42, 27,0, 90
A22,2021-10-09,18:43, 27,0, 90
A22,2021-10-09,18:44, 27,0, 90
A22,2021-10-09,18:45, 27,0, 90
A22,2021-10-09,18:46, 27,0, 90
A22,2021-10-09,18:47, 27,0, 90
A22,2021-10-09,18:48, 27,0, 90
A22,2021-10-09,18:49, 27,0, 90
A22,2021-10-09,18:50, 27,0, 90
A22,2021-10-09,18:51, 27,0, 90
A22,2021-10-09,18:52, 27,0, 90
A22,2021-10-09,18:53, 27,0, 90
A22,2021-10-09,18:54, 27,0, 90
A22,2021-10-09,18:55, 27,0, 90
A22,2021-10-09,18:56, 27,0, 90
A22,2021-10-09,18:57, 27,0, 90
A22,2021-10-09,18:58, 27,0, 90
A22,2021-10-09,18:59, 27,0, 90
A22,2021-10-09,19:00, 27,0, 90
A22,2021-10-09,19:01, 27,0, 90
A22,2021-10-09,19:02, 27,0, 90
A22,2021-10-09,19:03, 27,0, 90
A22,2021-10-09,19:04, 27,0, 90
A22,2021-10-09,19:05, 27,0, 90
A22,2021-10-09,19:06, 27,0, 90
A22,2021-10-09,19:07, 27,0, 90
A22,2021-10-09,19:08, 27,0, 90
A22,2021-10-09,19:09, 27,0, 90
A22,2021-10-09,19:10, 27,0, 90
A22,2021-10-09,19:11, 27,0, 90
A22,2021-10-09,19:12, 27,0, 90
A22,2021-10-09,19:13, 27,0, 90
A22,2021-10-09,19:14, 27,0, 90
A22,2021-10-09,19:15, 27,0, 90
A22,2021-10-09,19:16, 27,0, 90
A22,2021-10-09,19:17, 27,0, 90
A22,2021-10-09,19:18, 27,0, 90
A22,2021-10-09,19:19, 27,0, 90
A22,2021-10-09,19:20, 27,0, 90
A22,2021-10-09,19:21, 27,0, 90
A22,2021-10-09,19:22, 27,0, 90
A22,2021-10-09,19:23, 27,0, 90
A22,2021-10-09,19:24, 27,0, 90
A22,2021-10-09,19:25, 27,0, 90
A22,2021-10-09,19:26, 27,0, 90
A22,2021-10-09,19:27, 27,0, 90
A22,2021-10-09,19:28, 27,0, 90
A22,2021-10-09,19:29, 27,0, 90
A22,2021-10-09,19:30, 27,0, 90
A22,2021-10-09,19:31, 27,0, 90
A22,2021-10-09,19:32, 27,0, 90
A22,2021-10-09,19:33, 27,0, 90
A22,2021-10-09,19:34, 27,0, 90
A22,2021-10-09,19:35, 27,0, 90
A22,2021-10-09,19:36, 27,0, 90
A22,2021-10-09,19:37, 27,0, 90
A22,2021-10-09,19:38, 27,0, 90
A22,2021-10-09,19:39, 27,0, 90
A22,2021-10-09,19:40, 27,0, 90
A22,2021-10-09,19:41, 27,0, 90
A22,2021-10-09,19:42, 27,0, 90
A22,2021-10-09,19:43, 27,0, 90
A22,2021-10-09,19:44, 27,0, 90
A22,2021-10-09,19:45, 27,0, 90
A22,2021-10-09,19:46, 27,0, 90
A22,2021-10-09,19:47, 27,0, 90
A22,2021-10-09,19:48, 27,0, 90
A22,2021-10-09,19:49, 27,0, 90
A22,2021-10-09,19:50, 27,0, 90
A22,2021-10-09,19:51, 27,0, 90
A22,2021-10-09,19:52, 27,0, 90
A22,2021-10-09,19:53, 27,0, 90
A22,2021-10-09,19:54, 27,0, 90
A22,2021-10-09,19:55, 27,0, 90
A22,2021-10-09,19:56, 27,0, 90
A22,2021-10-09,19:57, 27,0, 90
A22,2021-10-09,19:58, 27,0, 90
A22,2021-10-09,19:59, 27,0, 90
A22,2021-10-09,20:00, 27,0, 90
A22,2021-10-09,20:01, 27,0, 90
A22,2021-10-09,20:02, 27,0, 90
A22,2021-10-09,20:03, 27,0, 90
A22,2021-10-09,20:04, 27,0, 90
A22,2021-10-09,20:05, 27,0, 90
A22,2021-10-09,20:06, 27,0, 90
A22,2021-10-09,20:07, 27,0, 91
A22,2021-10-09,20:08, 27,0, 91
A22,2021-10-09,20:09, 27,0, 91
A22,2021-10-09,20:10, 27,0, 91
A22,2021-10-09,20:11, 27,0, 91
A22,2021-10-09,20:12, 27,0, 91
A22,2021-10-09,20:13, 27,0, 90
A22,2021-10-09,20:14, 27,0, 91
A22,2021-10-09,20:15, 26,1, 92
A22,2021-10-09,20:16, 26,0, 93
A22,2021-10-09,20:17, 26,0, 93
A22,2021-10-09,20:18, 26,0, 93
A22,2021-10-09,20:19, 26,0, 92
A22,2021-10-09,20:20, 26,0, 92
A22,2021-10-09,20:21, 26,0, 92
A22,2021-10-09,20:22, 26,0, 92
A22,2021-10-09,20:23, 26,0, 92
A22,2021-10-09,20:24, 26,0, 92
A22,2021-10-09,20:25, 26,0, 92
A22,2021-10-09,20:26, 26,0, 92
A22,2021-10-09,20:27, 26,0, 92
A22,2021-10-09,20:28, 26,0, 93
A22,2021-10-09,20:29, 26,0, 92
A22,2021-10-09,20:30, 26,0, 93
A22,2021-10-09,20:31, 26,0, 93
A22,2021-10-09,20:32, 26,0, 93
A22,2021-10-09,20:33, 26,0, 93
A22,2021-10-09,20:34, 26,0, 93
A22,2021-10-09,20:35, 26,0, 94
A22,2021-10-09,20:36, 26,0, 95
A22,2021-10-09,20:37, 26,0, 94
A22,2021-10-09,20:38, 26,0, 94
A22,2021-10-09,20:39, 26,0, 93
A22,2021-10-09,20:40, 26,0, 94
A22,2021-10-09,20:41, 26,0, 94
A22,2021-10-09,20:42, 26,0, 94
A22,2021-10-09,20:43, 26,0, 93
A22,2021-10-09,20:44, 26,0, 93
A22,2021-10-09,20:45, 26,0, 93
A22,2021-10-09,20:46, 26,0, 92
A22,2021-10-09,20:47, 26,0, 92
A22,2021-10-09,20:48, 26,0, 92
A22,2021-10-09,20:49, 26,0, 93
A22,2021-10-09,20:50, 26,0, 94
A22,2021-10-09,20:51, 26,0, 94
A22,2021-10-09,20:52, 26,0, 93
A22,2021-10-09,20:53, 26,0, 93
A22,2021-10-09,20:54, 26,0, 93
A22,2021-10-09,20:55, 26,0, 93
A22,2021-10-09,20:56, 26,0, 93
A22,2021-10-09,20:57, 26,0, 94
A22,2021-10-09,20:58, 26,0, 94
A22,2021-10-09,20:59, 26,0, 94
A22,2021-10-09,21:03, 26,1, 94
A22,2021-10-09,21:04, 26,0, 95
A22,2021-10-09,21:05, 26,0, 95
A22,2021-10-09,21:06, 26,0, 95
A22,2021-10-09,21:07, 26,0, 95
A22,2021-10-09,21:08, 26,0, 95
A22,2021-10-09,21:09, 26,0, 94
A22,2021-10-09,21:10, 26,0, 94
A22,2021-10-09,21:11, 26,0, 95
A22,2021-10-09,21:12, 26,0, 95
A22,2021-10-09,21:13, 26,0, 95
A22,2021-10-09,21:14, 26,0, 95
A22,2021-10-09,21:15, 26,0, 94
A22,2021-10-09,21:16, 26,0, 95
A22,2021-10-09,21:17, 26,0, 95
A22,2021-10-09,21:18, 26,0, 95
